{
  "mu_x": [
    365.89221992062744,
    186.78009858933189,
    36.436741570088145,
    -64.41951727935246,
    178.45762668904092,
    99.14972512105173,
    155.5485006205355,
    94.7747229360098,
    287.56790078138965,
    -19.810090985369165,
    136.08056094533802,
    125.68128201095418
  ],
  "sd_x": [
    952.1594832419221,
    344.97553694643005,
    246.4126609701154,
    504.56008001487413,
    949.8668130341504,
    484.6347968772555,
    549.0387388636855,
    576.0672168697395,
    639.5535745106072,
    352.10628644861015,
    668.5679472015738,
    477.29098964059654
  ],
  "mu_y": [
    -0.07333241935668762,
    0.8310978731825506,
    -4.665168674296756,
    -0.02082935070209606,
    -0.006160361704245151,
    -0.0006242972591627024
  ],
  "sd_y": [
    2.618653099625278,
    2.4549884045685646,
    4.439981390894222,
    0.076942491501179,
    0.0817519090522203,
    0.030292891426951962
  ]
}